<?xml version="1.0" encoding="UTF-8"?>

<!DOCTYPE mapper
    PUBLIC "-//mybatis.org//DTD Mapper 3.0//EN"
    "https://mybatis.org/dtd/mybatis-3-mapper.dtd">
    
<mapper namespace="com.javalec.final_hobbyplanet.dao.CategoryDAO">
	<!-- 지역 대분류 불러오기 -->
	<select id="listCity" resultType="com.javalec.final_hobbyplanet.dto.CategoryDTO">
		SELECT city 
			FROM CITYTABLE
	</select>
	
	<!-- 취미 대분류  불러오기 -->
	<select id="listHobby" resultType="com.javalec.final_hobbyplanet.dto.CategoryDTO">
		SELECT hobby 
			FROM HOBBYTABLE
	</select>
	
	<!-- 지역 대분류 추가하기 -->
	<insert id="insertCity" parameterType="hashmap">
		INSERT INTO CITYTABLE(city)	VALUES(#{city})
	</insert>
	
	<!-- 지역 대분류 삭제하기 -->
	<delete id="deleteCity" parameterType="hashmap">
		DELETE FROM CITYTABLE WHERE city = #{city}
	</delete>
	
	<!-- 취미 대분류 추가하기 -->
	<insert id="insertHobby" parameterType="hashmap">
		INSERT INTO HOBBYTABLE(hobby) VALUES(#{hobby})
	</insert>
	
	<!-- 취미 대분류 삭제하기 -->
	<delete id="deleteHobby" parameterType="hashmap">
		DELETE FROM HOBBYTABLE WHERE hobby = #{hobby}
	</delete>
</mapper>