<?xml version="1.0" encoding="UTF-8"?>

<!DOCTYPE mapper
    PUBLIC "-//mybatis.org//DTD Mapper 3.0//EN"
    "https://mybatis.org/dtd/mybatis-3-mapper.dtd">
    
<mapper namespace="com.javalec.final_hobbyplanet.dao.JoinCommentDAO">
   <!-- 댓글 삽입 쿼리 -->
   <insert id="insertJoinComment" parameterType="hashmap">
      INSERT INTO JOINCOMMENT (jc_idx, jc_bidx, jc_id, jc_nickname, jc_content, jc_date)
      VALUES(JOINCOMMENT_SEQ.NEXTVAL, #{jc_bidx}, #{jc_id}, #{jc_nickname}, #{jc_content}, sysdate)
   </insert>
   
   <!-- 게시글에 작성된 댓글 출력하는 쿼리 -->
   <select id="listJoinComment" parameterType="hashmap" resultType="com.javalec.final_hobbyplanet.dto.JoinCommentDTO">
      SELECT jc_idx, jc_id, jc_nickname, jc_content, jc_date FROM JOINCOMMENT WHERE JC_BIDX = #{j_idx} ORDER BY JC_DATE   
   </select>
   
   <!-- 게시글에 작성된 댓글을 모두 삭제하는 쿼리 -->
   <delete id="deleteJoinComment" parameterType="hashmap">
      DELETE FROM JOINCOMMENT WHERE jc_bidx = #{j_idx} 
   </delete>

   <!-- 게시글에 작성된 댓글 개별로 삭제하는 쿼리 -->
   <delete id="deleteComment" parameterType="hashmap">
      DELETE FROM JOINCOMMENT WHERE jc_idx = #{jc_idx} 
   </delete>
   
   <!-- 댓글 수정 쿼리 -->
   <update id="editJoinComment" parameterType="hashmap">
      UPDATE JOINCOMMENT SET jc_nickname = #{jc_nickname}, jc_content = #{jc_content} WHERE jc_idx = #{jc_idx}
   </update>
</mapper>