<?xml version="1.0" encoding="UTF-8"?>

<!DOCTYPE mapper
    PUBLIC "-//mybatis.org//DTD Mapper 3.0//EN"
    "https://mybatis.org/dtd/mybatis-3-mapper.dtd">
    
<mapper namespace="com.javalec.final_hobbyplanet.dao.MessageDAO">
	<!-- 쪽지 리스트 -->
	<select id="listMessage" parameterType="hashmap" resultType="com.javalec.final_hobbyplanet.dto.MessageDTO">
		SELECT me_idx, me_snick, me_title, me_content, me_date
			FROM MESSAGETABLE
			WHERE me_rnick = #{u_nickname}
			ORDER BY me_idx desc
	</select>
	
	<!-- 쪽지 상세보기 -->
	<select id="viewMessage" parameterType="hashmap" resultType="com.javalec.final_hobbyplanet.dto.MessageDTO">
		SELECT me_idx, me_snick, me_rnick, me_title, me_content, me_date
			FROM MESSAGETABLE 
			WHERE me_idx = #{me_idx}
	</select>
	
	<!-- 쪽지 작성(참여 버튼에 따라 내용 변동) -->
	<insert id="writeMessage" parameterType="hashmap">
		INSERT INTO MESSAGETABLE(me_idx, me_snick, me_rnick, me_title, me_content) 
			VALUES(JOINTABLE_SEQ.NEXTVAL, #{me_snick}, #{me_rnick}, #{me_title}, #{me_content}) 
	</insert>
	
	<!-- 쪽지 삭제 -->
	<delete id="deleteMessage" parameterType="hashmap">
		DELETE FROM MESSAGETABLE WHERE me_idx = #{me_idx}
	</delete>
</mapper>