<?xml version="1.0" encoding="UTF-8"?>

<!DOCTYPE mapper
    PUBLIC "-//mybatis.org//DTD Mapper 3.0//EN"
    "https://mybatis.org/dtd/mybatis-3-mapper.dtd">
    
<mapper namespace="com.javalec.final_hobbyplanet.dao.UserDAO">
	<!-- 유저 로그인 확인  -->
	<select id="getUser" resultType="com.javalec.final_hobbyplanet.dto.UserDTO">
		select u_pwd, u_nickname FROM USERTABLE WHERE u_id = #{u_id}
	</select>

	<!-- 관리자 로그인 확인  -->
	<select id="getManager" resultType="com.javalec.final_hobbyplanet.dto.ManagerDTO">
		select a_pwd, a_nickname FROM ADMINTABLE WHERE a_id = #{u_id}
	</select>

	<!-- 회원가입  -->
	<insert id="register" parameterType="hashmap">
		INSERT INTO USERTABLE(u_id, u_pwd, u_nickname, u_name, u_age_y, u_age_m, u_age_d, u_email, u_tel1, u_tel2, u_tel3, u_addr1, u_addr2, u_addr3, u_gender) VALUES(#{u_id},#{u_pwd},#{u_nickname},#{u_name},#{u_age_y},#{u_age_m},#{u_age_d},#{u_email},#{u_tel1},#{u_tel2},#{u_tel3},#{u_addr1},#{u_addr2},#{u_addr3},#{u_gender})
	</insert>
	
	
	<!-- 아이디 중복 체크 -->
	<select id="idCheck"  resultType="int" parameterType="hashmap">
		select count(u_id) from USERTABLE where u_id = #{u_id}
	</select>
	
	<!-- 회원가입시 닉네임 중복 체크 -->
	<select id="nicknameCheck"  resultType="int" parameterType="hashmap">
		select count(u_nickname) from USERTABLE where u_nickname = #{u_nickname}
	</select>
	
	<!-- 회원정보 수정시 닉네임 중복 체크 -->
	<select id="nicknameUpdate"  resultType="com.javalec.final_hobbyplanet.dto.UserDTO" parameterType="hashmap">
		select u_nickname from USERTABLE where u_id = #{u_id}
	</select>
	
	
	
	<!-- 회원 정보 수정 할 때, 기존 데이터를 불러오는 쿼리 -->
	<select id="showUser"  resultType="com.javalec.final_hobbyplanet.dto.UserDTO">
		select u_id, u_pwd, u_nickname, u_name, u_age_y, u_age_m, u_age_d, u_email, u_tel1, u_tel2, u_tel3, u_addr1, u_addr2, u_addr3, u_gender, U_REGDATE from USERTABLE where u_id = #{u_id}
	</select>
	
	<!-- 회원 정보 수정하는 update 쿼리-->
	<update id="userUpdateOk" parameterType="hashmap" >
		update USERTABLE set u_pwd = #{u_pwd} , u_nickname = #{u_nickname}, u_name = #{u_name}, u_email = #{u_email}, u_tel1 = #{u_tel1} , u_tel2 = #{u_tel2}, u_tel3 = #{u_tel3}, u_addr1 = #{u_addr1}, u_addr2 = #{u_addr2}, u_addr3 = #{u_addr3}, u_gender = #{u_gender} where u_id = #{u_id}
	</update>
	
	<!-- 탈퇴 영역   -->
	<!-- 회원 탈퇴전 계정 pw가 맞는지 판단-->
	<select id="checkPwdUser" parameterType="hashmap" resultType="com.javalec.final_hobbyplanet.dto.UserDTO">
		SELECT u_pwd FROM USERTABLE where u_id = #{u_id}
	</select>
	
	<!-- 자유게시판 댓글 삭제  -->
	<!-- 유저가 작성한 자유게시판 번호를 가지고 오는 쿼리  -->
	<select id="getBoard_Idx" parameterType="hashmap" resultType="com.javalec.final_hobbyplanet.dto.BoardDTO">
		SELECT b_idx FROM BOARDTABLE where b_id = #{u_id}
	</select>
	
	<!-- 유저가 작성한 자유게시판 게시글의 댓글을 모두 삭제하는 쿼리  -->
	<delete id="boardComment_DropOut" parameterType="hashmap">
		DELETE FROM BoardComment where bc_bidx = #{b_idx}
	</delete>
	
	<!-- 유저가 작성한  댓글을 모두 삭제하는 쿼리  -->
	<delete id="boardComment_DropOut_User" parameterType="hashmap">
		DELETE FROM BoardComment where bc_id = #{u_id}
	</delete>
	
	
	<!-- 자유게시판 글 삭제 -->
	<!-- 회원 탈퇴시 작성한 자유게시판 글 삭제 하는 쿼리-->
	<delete id="board_DropOut" parameterType="hashmap" >
		DELETE FROM BOARDTABLE where b_id = #{u_id}
	</delete>
	
	<!-- 모집글 댓글 삭제  -->
	<!-- 유저가 작성한 모집글 번호를 가지고 오는 쿼리  -->
	<select id="getJoin_Idx" parameterType="hashmap" resultType="com.javalec.final_hobbyplanet.dto.JoinDTO">
		SELECT j_idx FROM JOINTABLE where j_id = #{u_id}
	</select>
	
	<!-- 유저가 작성한 모집글의 게시글 댓글을 모두 삭제하는 쿼리  -->
	<delete id="joinComment_DropOut" parameterType="hashmap">
		DELETE FROM joinComment where jc_bidx = #{j_idx}
	</delete>
	
	
	<!-- 유저가 작성한 모집글 댓글을 모두 삭제하는 쿼리  -->
	<delete id="joinComment_DropOut_User" parameterType="hashmap">
		DELETE FROM joinComment where jc_id = #{j_idx}
	</delete>

	<!--  유저가 작성한 모집글의 신청관련 데이터 삭제  -->
	<delete id="apply_DropOut" parameterType="hashmap">
		DELETE FROM applytable where ap_bidx = #{j_idx}
	</delete>
	
	<!--  유저가 신청한 모집글 신청 테이블 데이터 삭제   -->
	<delete id="apply_DropOut_User" parameterType="hashmap">
		DELETE FROM applytable where ap_id = #{u_id}
	</delete>
	
	<!-- 자유게시판 글 삭제 -->
	<!-- 회원 탈퇴시 작성한 자유게시판 글 삭제 하는 쿼리-->
	<delete id="join_DropOut" parameterType="hashmap" >
		DELETE FROM JOINTABLE where j_id = #{u_id}
	</delete>
	
	
	
	<!-- 회원 탈퇴-->
	<delete id="deleteUser_ok" parameterType="hashmap">
		DELETE FROM USERTABLE where u_id = #{u_id}
	</delete>
	<!-- 탈퇴    -->
	
	<!-- 마이페이지 자유 게시판-->
	<select id="boardUser" resultType="com.javalec.final_hobbyplanet.dto.BoardDTO">
		select b_idx, b_nickname, b_title, b_date, b_count FROM BOARDTABLE WHERE b_id = #{u_id}
	</select>
	
	<!-- 마이페이지 모집글 -->
	<select id="joinUser" resultType="com.javalec.final_hobbyplanet.dto.JoinDTO">
		SELECT j_idx, j_nickname, j_title, j_Dday, j_Mday, j_maxmem, j_nowmem, j_end, j_admindel, j_date FROM JOINTABLE WHERE j_id = #{u_id}
	</select>
	
	
	<!-- 마이페이지 신청글 글번호 가지고 오는 쿼리-->
	<select id="applyUser" resultType="com.javalec.final_hobbyplanet.dto.JoinDTO">
		select j.j_end, j.j_idx, j.j_nickname, j.j_title , j.j_date, j.j_Dday, j.j_nowmem, j.j_maxmem, j.j_Mday FROM JOINTABLE j ,APPLYTABLE ap WHERE j.j_idx = ap.ap_bidx AND ap_id = #{u_id}
	
	</select>
	
	
	
	
	
</mapper>